nama_produk,kategori,warna,harga,diskon_pct,harga_diskon,ada_promo,rating,terjual,url_gambar,url_produk
Crocs Unisex Classic Clog - Black,Unisex,Black,989000,1,979110.0,1,4.9,5000,https://down-id.img.susercontent.com/file/sg-11134201-7rccu-m6glfxsjr5wb9a_tn.webp,https://shopee.co.id/Crocs-Unisex-Classic-Clog-Black-i.950653320.18375917872?extraParams=%7B%22display_model_id%22%3A214034517278%2C%22model_selection_logic%22%3A3%7D
Crocs Unisex Classic Clog - Navy,Unisex,Navy,989000,1,979110.0,1,4.9,1000,https://down-id.img.susercontent.com/file/sg-11134201-824gl-mf2kmscx8wlpd4_tn.webp,https://shopee.co.id/Crocs-Unisex-Classic-Clog-Navy-i.950653320.22131491997?extraParams=%7B%22display_model_id%22%3A231218624300%2C%22model_selection_logic%22%3A3%7D
Crocs Unisex Classic Clog - White,Unisex,White,989000,1,979110.0,1,4.9,6000,https://down-id.img.susercontent.com/file/sg-11134201-7rccd-m6glg0oliw3w1d_tn.webp,https://shopee.co.id/Crocs-Unisex-Classic-Clog-White-i.950653320.22831476125?extraParams=%7B%22display_model_id%22%3A231218547758%2C%22model_selection_logic%22%3A3%7D
Crocs Classic Unisex Clog - Bone,Unisex,Bone,989000,1,979110.0,1,4.9,5000,https://down-id.img.susercontent.com/file/sg-11134201-7rcd6-m6glg4pzm50y83_tn.webp,https://shopee.co.id/Crocs-Classic-Unisex-Clog-Bone-i.950653320.22631490898?extraParams=%7B%22display_model_id%22%3A88646845969%2C%22model_selection_logic%22%3A3%7D
Crocs Classic Unisex Clog - Atmosphere,Unisex,Atmosphere,989000,1,979110.0,1,4.9,2000,https://down-id.img.susercontent.com/file/sg-11134201-7rcek-m6glg22tk6my57_tn.webp,https://shopee.co.id/Crocs-Classic-Unisex-Clog-Atmosphere-i.950653320.14096871339?extraParams=%7B%22display_model_id%22%3A204034469748%2C%22model_selection_logic%22%3A3%7D
Crocs Classic Unisex Clog - Field Green,Unisex,Field Green,989000,1,979110.0,1,4.9,0,https://down-id.img.susercontent.com/file/sg-11134201-81zvy-mipv5eaxvy87b5_tn.webp,https://shopee.co.id/Crocs-Classic-Unisex-Clog-Field-Green-i.950653320.52253786310?extraParams=%7B%22display_model_id%22%3A287291288696%2C%22model_selection_logic%22%3A3%7D
Crocs Classic Platform Women's Clog - Black,Women,Black,1489000,1,1474110.0,1,4.9,870,https://down-id.img.susercontent.com/file/sg-11134201-7rcem-m6glgfv7cd2981_tn.webp,https://shopee.co.id/Crocs-Classic-Platform-Women's-Clog-Black-i.950653320.23933688844?extraParams=%7B%22display_model_id%22%3A88658903232%2C%22model_selection_logic%22%3A3%7D
Crocs Classic Unisex Clog - Taupe,Unisex,Taupe,989000,1,979110.0,1,4.9,218,https://down-id.img.susercontent.com/file/sg-11134201-81zwf-mipv58df0q9sd4_tn.webp,https://shopee.co.id/Crocs-Classic-Unisex-Clog-Taupe-i.950653320.58003795248?extraParams=%7B%22display_model_id%22%3A282291288771%2C%22model_selection_logic%22%3A3%7D
Crocs Classic Unisex Clog - Meteor,Unisex,Meteor,989000,1,979110.0,1,4.9,56,https://down-id.img.susercontent.com/file/sg-11134201-81ztf-mipv54z6fvnsbc_tn.webp,https://shopee.co.id/Crocs-Classic-Unisex-Clog-Meteor-i.950653320.58003795211?extraParams=%7B%22display_model_id%22%3A287291288694%2C%22model_selection_logic%22%3A3%7D
Crocs Women's Classic Platform Clog - White,Women,White,1489000,1,1474110.0,1,4.9,2000,https://down-id.img.susercontent.com/file/sg-11134201-824hj-mf2kn0jkbxu782_tn.webp,https://shopee.co.id/Crocs-Women's-Classic-Platform-Clog-White-i.950653320.20376623059?extraParams=%7B%22display_model_id%22%3A108018443397%2C%22model_selection_logic%22%3A3%7D
Crocs Kids Classic Clog - Black,Kids,Black,749000,1,741510.0,1,4.9,1000,https://down-id.img.susercontent.com/file/sg-11134201-824je-mf2kn2w49zin44_tn.webp,https://shopee.co.id/Crocs-Kids-Classic-Clog-Black-i.950653320.22531469710?extraParams=%7B%22display_model_id%22%3A214034393411%2C%22model_selection_logic%22%3A3%7D
Crocs Saturday Men Slide - Black,Men Slide,Black,469200,22,365976.0,1,4.9,0,https://down-id.img.susercontent.com/file/sg-11134201-8259j-mg7oftxd5tzc70_tn.webp,https://shopee.co.id/Crocs-Saturday-Men-Slide-Black-i.950653320.51700105693?extraParams=%7B%22display_model_id%22%3A320008398474%2C%22model_selection_logic%22%3A3%7D
Crocs Duet Max II Clog Unisex - Black,Unisex,Black,1489000,1,1474110.0,1,4.9,162,https://down-id.img.susercontent.com/file/sg-11134201-824gz-mf2knf0h54p759_tn.webp,https://shopee.co.id/Crocs-Duet-Max-II-Clog-Unisex-Black-i.950653320.22849516351?extraParams=%7B%22display_model_id%22%3A156951913765%2C%22model_selection_logic%22%3A3%7D
Crocs Healthcare 5 Pack Jibbitz,Accessories,Unknown,389000,3,377330.0,1,5.0,0,https://down-id.img.susercontent.com/file/sg-11134201-824gd-mf2kmj0sm22x4e_tn.webp,https://shopee.co.id/Crocs-Healthcare-5-Pack-Jibbitz-i.950653320.26092198509?extraParams=%7B%22display_model_id%22%3A234535709465%2C%22model_selection_logic%22%3A3%7D
Crocs Classic Clog Unisex - Elephant,Unisex,Elephant,989000,1,979110.0,1,4.9,1000,https://down-id.img.susercontent.com/file/sg-11134201-824g3-mf2kmqii5ngo16_tn.webp,https://shopee.co.id/Crocs-Classic-Clog-Unisex-Elephant-i.950653320.18881698007?extraParams=%7B%22display_model_id%22%3A216869590491%2C%22model_selection_logic%22%3A3%7D
Crocs Classic Unisex Clog - Blue Frost,Unisex,Blue Frost,989000,1,979110.0,1,4.9,179,https://down-id.img.susercontent.com/file/sg-11134201-824i5-mf2kmubyqyoc81_tn.webp,https://shopee.co.id/Crocs-Classic-Unisex-Clog-Blue-Frost-i.950653320.29825282628?extraParams=%7B%22display_model_id%22%3A138206821027%2C%22model_selection_logic%22%3A3%7D
Crocs Classic Platform Glitter Women Clog - Black,Women,Black,1489000,1,1474110.0,1,4.9,338,https://down-id.img.susercontent.com/file/sg-11134201-7repy-m8a11qqdmxld18_tn.webp,https://shopee.co.id/Crocs-Classic-Platform-Glitter-Women-Clog-Black-i.950653320.27951716352?extraParams=%7B%22display_model_id%22%3A168238659434%2C%22model_selection_logic%22%3A3%7D
Crocs Classic Clog Kids - Navy,Kids,Navy,749000,1,741510.0,1,4.9,841,https://down-id.img.susercontent.com/file/sg-11134201-7ren4-m8a11hm4xtq870_tn.webp,https://shopee.co.id/Crocs-Classic-Clog-Kids-Navy-i.950653320.19475906124?extraParams=%7B%22display_model_id%22%3A98646815189%2C%22model_selection_logic%22%3A3%7D
Crocs Baya Clog Unisex - Navy,Unisex,Navy,989000,1,979110.0,1,4.9,343,https://down-id.img.susercontent.com/file/sg-11134201-7rdwe-lxm9gmil8a5ca0_tn.webp,https://shopee.co.id/Crocs-Baya-Clog-Unisex-Navy-i.950653320.24633404470?extraParams=%7B%22display_model_id%22%3A215236391269%2C%22model_selection_logic%22%3A3%7D
Crocs Classic Unisex Clog - Frappe,Unisex,Frappe,989000,1,979110.0,1,4.9,193,https://down-id.img.susercontent.com/file/sg-11134201-81zvc-mipv5br6mgp46c_tn.webp,https://shopee.co.id/Crocs-Classic-Unisex-Clog-Frappe-i.950653320.58003795343?extraParams=%7B%22display_model_id%22%3A277291288668%2C%22model_selection_logic%22%3A3%7D
Crocs Classic Unisex Clog - Powder Pink,Unisex,Powder Pink,989000,1,979110.0,1,5.0,95,https://down-id.img.susercontent.com/file/sg-11134201-81zu0-mipv5hin7zszf2_tn.webp,https://shopee.co.id/Crocs-Classic-Unisex-Clog-Powder-Pink-i.950653320.52253786309?extraParams=%7B%22display_model_id%22%3A375359748595%2C%22model_selection_logic%22%3A3%7D
Crocs Classic Crush Clog - Black,Unisex,Black,1489000,1,1474110.0,1,4.9,1000,https://down-id.img.susercontent.com/file/sg-11134201-7rcev-m6glgnq7suokc4_tn.webp,https://shopee.co.id/Crocs-Classic-Crush-Clog-Black-i.950653320.23331487094?extraParams=%7B%22display_model_id%22%3A147237285828%2C%22model_selection_logic%22%3A3%7D
Crocs InMotion Clog Unisex - Black,Unisex,Black,1489000,1,1474110.0,1,4.9,114,https://down-id.img.susercontent.com/file/sg-11134201-7rfh6-m3vinfhth5uv30_tn.webp,https://shopee.co.id/Crocs-InMotion-Clog-Unisex-Black-i.950653320.26820874272?extraParams=%7B%22display_model_id%22%3A195646970574%2C%22model_selection_logic%22%3A3%7D
Crocs Women's Classic Bae Clog - Black,Women,Black,1489000,1,1474110.0,1,4.9,377,https://down-id.img.susercontent.com/file/sg-11134201-7renm-m8uadvuh1bxe54_tn.webp,https://shopee.co.id/Crocs-Women's-Classic-Bae-Clog-Black-i.950653320.24957754463?extraParams=%7B%22display_model_id%22%3A148972126772%2C%22model_selection_logic%22%3A3%7D
Crocs Echo Unisex Clog - Black,Unisex,Black,1589000,1,1573110.0,1,4.8,400,https://down-id.img.susercontent.com/file/sg-11134201-7rbmd-lq0cfhnypduuf3_tn.webp,https://shopee.co.id/Crocs-Echo-Unisex-Clog-Black-i.950653320.25157750593?extraParams=%7B%22display_model_id%22%3A176301820942%2C%22model_selection_logic%22%3A3%7D
Crocs Classic Crush Clog - White,Unisex,White,1489000,1,1474110.0,1,4.9,1000,https://down-id.img.susercontent.com/file/sg-11134201-7rcf5-m6glgoyc1nah79_tn.webp,https://shopee.co.id/Crocs-Classic-Crush-Clog-White-i.950653320.21175891295?extraParams=%7B%22display_model_id%22%3A187385559948%2C%22model_selection_logic%22%3A3%7D
Crocs Saturday Men Slide - Blue Bolt,Men Slide,Blue Bolt,469200,22,365976.0,1,5.0,0,https://down-id.img.susercontent.com/file/sg-11134201-82595-mg7ofzf5k3k870_tn.webp,https://shopee.co.id/Crocs-Saturday-Men-Slide-Blue-Bolt-i.950653320.51600105772?extraParams=%7B%22display_model_id%22%3A420008406384%2C%22model_selection_logic%22%3A3%7D
Crocs Classic Unisex Clog - Blue Haze,Unisex,Blue Haze,989000,1,979110.0,1,4.9,210,https://down-id.img.susercontent.com/file/sg-11134201-7rdy1-mbqe51dql4r2bb_tn.webp,https://shopee.co.id/Crocs-Classic-Unisex-Clog-Blue-Haze-i.950653320.43007147116?extraParams=%7B%22display_model_id%22%3A305605381234%2C%22model_selection_logic%22%3A3%7D
Crocs Baya Clog Unisex - Black,Unisex,Black,989000,1,979110.0,1,4.9,363,https://down-id.img.susercontent.com/file/id-11134201-7rasb-m52phtd3115i4f_tn.webp,https://shopee.co.id/Crocs-Baya-Clog-Unisex-Black-i.950653320.28255160578?extraParams=%7B%22display_model_id%22%3A215236391325%2C%22model_selection_logic%22%3A3%7D
Crocs Classic Mary Jane Unisex Clog - Black,Unisex,Black,1189000,1,1177110.0,1,4.9,633,https://down-id.img.susercontent.com/file/sg-11134201-7rdwk-lykr9niv1t7w22_tn.webp,https://shopee.co.id/Crocs-Classic-Mary-Jane-Unisex-Clog-Black-i.950653320.29357080755?extraParams=%7B%22display_model_id%22%3A251323962813%2C%22model_selection_logic%22%3A3%7D
